Match_ID,Home_Team,Away_Team,Match_Time,Prediction_ZH,Prediction_EN
9c7073ae2c29ee4881bb695f92168c68,Canada,Morocco,"7/4/2026, 5:00:00 PM",,
c798a1ffdeda28e82d930e7145a8ff10,Paraguay,France,"7/4/2026, 9:00:00 PM",,
a4634eae056c18d705e3feffb347163f,Brazil,Norway,"7/5/2026, 8:00:00 PM",,
e61a7b471cadc8e3849158ed59d49cab,Mexico,England,"7/6/2026, 12:00:00 AM",,
16ed3adcf661b3a9bea39871a2d204df,Portugal,Spain,"7/6/2026, 7:00:00 PM",,
810f80b3ae79f5e86b3747ca15718ed8,USA,Belgium,"7/7/2026, 12:00:00 AM",,
190922affd0be754bfefd71548dbf90d,Argentina,Egypt,"7/7/2026, 4:00:00 PM",,
a6da973c5749ce60adab77d64b3664f4,Switzerland,Colombia,"7/7/2026, 8:00:00 PM",,
ce017bea1a26252278053ce759e2416b,,,,象牙海岸的天賦與體能驚人，而挪威的後防稀碎，但挪威有哈蘭德與厄德高，攻擊火力同樣驚人，本場應該會是精彩進攻大戰，而我看好挪威會在互轟中勝出。,"Ivory Coast boasts incredible talent and athleticism, yet Norway's defense is notoriously porous. However, with Haaland and Odegaard, Norway's attacking firepower is equally formidable. This match is poised to be an exhilarating offensive showdown, and I'm backing Norway to emerge victorious in a high-scoring affair."
0b5491529142c9bcc3f88bf45ccb0a7b,,,,法國是目前冠軍呼聲最高的隊伍，而他們小組賽三場也展現出了統治級的表現，瑞典則是雖然有著頂級雙箭頭，但中場跟後防不堪一擊，預計法國輕騎過關。,"France stands as the overwhelming favorite for the championship, having delivered commanding performances throughout their three group stage matches. While Sweden boasts a formidable attacking duo, their midfield and defense appear highly vulnerable. We anticipate France will secure a comfortable victory and progress with ease."
f58c55a9da96af562c31b7c5cca40187,,,,厄瓜多雖然有著不錯的實力，但墨西哥主場作戰，整體的實力也不弱，我看好墨西哥可以在主場挺進16強。,"Despite Ecuador's respectable strength, Mexico's home advantage and overall quality are significant. I'm backing Mexico to capitalize on playing at home and secure their place in the Round of 16."
5ff7744314f224c18d1604ee9cc19263,,,,英格蘭雖然深陷「做法」疑慮，小組賽的表現也不能說到頂尖，但是實力仍遠在剛果之上，英格蘭本次雖然狀態平平但籤運不錯，預計可以一路挺進到4強都不會碰到太大的挑戰。,"Despite England being mired in controversy and delivering a less-than-stellar group stage performance, their underlying strength remains significantly superior to Congo's. While their current form is unremarkable, the Three Lions have been handed a very favorable draw this time around. We project England to navigate their path with relative ease, advancing comfortably to the semi-finals without facing any major challenges."
658ac8cbf214ca3cc150109b4ddc1e74,,,,比利時最後一場展現出了不錯的狀態，但前兩場踢得平平，加上比利時神一場鬼一場的特性，我覺得這場他們差不多該骰到1了，看好塞內加爾可以爆冷擊敗比利時。,"While Belgium showcased promising form in their most recent fixture, their two prior performances were notably underwhelming. Factoring in Belgium's well-documented inconsistency – often brilliant, sometimes baffling – I sense they are ripe for a significant misstep in this encounter. Consequently, I am confidently backing Senegal to pull off an upset victory against Belgium."
9eeb4876001f5a52ce3c3641bd5f1f2f,,,,波士尼亞小組賽走來跌跌撞撞，加上美國主場作戰，運動能力、進攻火力也是美國占據上風，賠率基本說明一切。看好美國獲勝。,"Bosnia has stumbled through the group stage, showing inconsistent form. With the United States playing on home turf, and clearly superior in both athleticism and offensive firepower, the betting odds overwhelmingly reflect this advantage. We are confidently backing the USA to secure the win."
a518ac20df8f5c732b881e213ae0c230,,,,奧地利雖然擅長逼搶與防守，但從他們對阿根廷的那場比賽可以看出在面對頂級進攻火力時仍然沒辦法守住90分鐘。西班牙的進攻比起阿根廷不遑多讓，身體對抗能力甚至可能比阿根廷更好，因此看好西班牙出線。,"Austria, while adept at pressing and defense, demonstrated in their match against Argentina that they struggle to maintain defensive integrity for 90 minutes against top-tier attacking firepower. Spain's offense is every bit as potent as Argentina's, and their physical prowess might even be superior. Therefore, we are confidently backing Spain to qualify."
852b4baf0be4b9eef2a30596a8d39249,,,,前皇馬連線如今在場上成為對手，年邁的莫德里奇將要面對葡萄牙的黃金中場以及C羅。賭盤普遍看好葡萄牙，但克羅埃西亞上屆表現令人印象深刻，防守底藴極強，加上莫德里奇本屆賽會依然多次貢獻關鍵防守。我認為兩隊很有可能戰到PK大賽，並且克羅埃西亞延續上屆靠PK晉級的方式。,"Former Real Madrid teammates now find themselves on opposing sides, as the veteran Luka Modrić prepares to face Portugal's formidable 'golden generation' midfield and the legendary Cristiano Ronaldo. While betting markets widely favor Portugal, Croatia's impressive showing in the last tournament, coupled with their robust defensive foundation, cannot be overlooked. Modrić himself has continued to make crucial defensive contributions throughout this campaign. I anticipate a fiercely contested match that is highly likely to go all the way to a penalty shootout, with Croatia once again leveraging their penalty shootout prowess to advance, mirroring their success from the previous edition."
c17fe2e46190d7ab6af01504ff240e82,,,,瑞士防守穩固，極少犯錯。阿爾及利亞恐怕很難找到突破的機會，預計會是一場瑞士完全主導控球，並且壓制全場的完勝之局。,"Switzerland's defense is rock-solid and virtually error-free, meaning Algeria will likely find it incredibly difficult to create any meaningful breakthroughs. Expect Switzerland to completely dominate possession, assert their authority across the pitch, and cruise to a comfortable victory."
fb270a3dac2b682c861bd674a5ff4a04,,,,這場可能是32強淘汰賽中實力最接近也最有懸念的一場比賽，從賠率就可以看出，雙方的賠率十分接近。埃及有著頂級球星薩拉赫，但袋鼠軍團韌性極強，身體對抗優秀。我認爲這場比賽很可能踢到PK大賽，但PK大賽最終誰出線很難預測，真要預測的話，我會賭一次澳洲。,"This Round of 32 knockout match is poised to be the most evenly contested and nail-biting encounter, with the betting odds perfectly illustrating the razor-thin margin between the two sides. While Egypt fields a top-tier talent in Mohamed Salah, the Socceroos are known for their formidable resilience and physical strength. My prediction is that this game will likely extend to a penalty shootout. Though the winner of a PK contest is notoriously hard to call, if I had to make a definitive prediction, I'd back Australia to advance."
3e161b2448ed76d6b0c0f5bda6fd5bf2,,,,沒什麼好說的，雖然佛德角確實在小組賽上演了奇蹟。但這次他們要面對的是上屆衛冕冠軍，一隻更有經驗、且擁有球王梅西的隊伍，加上梅西的狀況火熱，佛得角這次只怕是凶多吉少。,"The writing's on the wall. While Cape Verde certainly pulled off a miracle in the group stage, they now face the reigning champions. This is a far more experienced side, boasting the legendary Lionel Messi, who is currently in red-hot form. Cape Verde's prospects here are looking incredibly bleak."
88e032a2b2e5042d26db3f0da1df924a,,,,雖然迦納確實在小組賽展現了令人印象深刻的體能與速度，不過也相對暴露出他們技術上的不足。本場面對技術更好的哥倫比亞預計形勢會十分嚴峻，很可能拿不住球，無法發揮體能與速度的優勢。看好哥倫比亞獲勝。,"While Ghana certainly showcased impressive athleticism and pace during the group stage, they also revealed significant technical shortcomings. Against a technically superior Colombia in this upcoming fixture, Ghana is anticipated to face a formidable challenge. They are likely to struggle with ball retention, thereby nullifying their physical and speed advantages. We are backing Colombia for the win."
